{
    "PR-AUC": 0.9714680632043222,
    "F1-Score": 0.8899088217847997
}