{
    "PR-AUC": 0.9505373213071108,
    "F1-Score": 0.8146439491052135
}