{
    "PR-AUC": 0.9467450667060754,
    "F1-Score": 0.7959927153480049
}