{
    "PR-AUC": 0.9997992481242675,
    "F1-Score": 0.9991645781119465
}