{
    "PR-AUC": 0.9778774975454854,
    "F1-Score": 0.8911594424855172
}