{
    "max_depth": 8,
    "learning_rate": 0.17981111862704868,
    "subsample": 0.8216031175833639,
    "min_child_weight": 3
}