{
    "max_depth": 3,
    "learning_rate": 0.05623165911759404,
    "subsample": 0.9891492523889779,
    "min_child_weight": 7
}