{
    "max_depth": 5,
    "learning_rate": 0.21318136209722707,
    "subsample": 0.6219930590693885,
    "min_child_weight": 6
}