{
    "PR-AUC": 0.9998808513043026,
    "F1-Score": 0.9949799196787149
}